{"cameraMode":{"drawMode":0,"name":"Shaded","section":"Shading Mode"},"sceneLighting":true,"audioPlay":false,"sceneViewState":{"showFog":false,"showMaterialUpdate":false,"showSkybox":false,"showFlares":false,"showImageEffects":false,"showParticleSystems":false},"in2DMode":false,"pivot":{"x":9.035070419311524,"y":-2.5938291549682619,"z":-0.35676002502441409},"rotation":{"x":0.41544651985168459,"y":0.012982863001525402,"z":-0.006056974176317453,"w":0.9097075462341309},"size":6.842874526977539,"orthographic":false}