{"cameraMode":{"drawMode":0,"name":"Shaded","section":"Shading Mode"},"sceneLighting":true,"audioPlay":false,"sceneViewState":{"showFog":true,"showMaterialUpdate":true,"showSkybox":true,"showFlares":true,"showImageEffects":true,"showParticleSystems":true},"in2DMode":false,"pivot":{"x":0.0,"y":1.4600000381469727,"z":0.3099999725818634},"rotation":{"x":0.1747521311044693,"y":0.08995471894741059,"z":-0.016036979854106904,"w":0.980368435382843},"size":1.2905681133270264,"orthographic":false}