{"cameraMode":{"drawMode":0,"name":"Shaded","section":"Shading Mode"},"sceneLighting":true,"audioPlay":false,"sceneViewState":{"showFog":false,"showMaterialUpdate":false,"showSkybox":false,"showFlares":false,"showImageEffects":false,"showParticleSystems":false},"in2DMode":false,"pivot":{"x":0.24517136812210084,"y":0.9197967052459717,"z":0.24218451976776124},"rotation":{"x":0.49510619044303896,"y":0.036134615540504459,"z":-0.02055809646844864,"w":0.8679392337799072},"size":7.588694095611572,"orthographic":false}