{"cameraMode":{"drawMode":0,"name":"Shaded","section":"Shading Mode"},"sceneLighting":true,"audioPlay":false,"sceneViewState":{"showFog":true,"showMaterialUpdate":false,"showSkybox":true,"showFlares":true,"showImageEffects":true,"showParticleSystems":true},"in2DMode":false,"pivot":{"x":1.4600000381469727,"y":1.5699999332427979,"z":1.128820776939392},"rotation":{"x":-0.43000537157058718,"y":-0.05843918398022652,"z":0.027905229479074479,"w":-0.9005025029182434},"size":7.150660037994385,"orthographic":false}