{"cameraMode":{"drawMode":0,"name":"Shaded","section":"Shading Mode"},"sceneLighting":true,"audioPlay":false,"sceneViewState":{"showFog":true,"showMaterialUpdate":false,"showSkybox":true,"showFlares":true,"showImageEffects":true,"showParticleSystems":true},"in2DMode":false,"pivot":{"x":-1.746810793876648,"y":0.10088443756103516,"z":0.09191417694091797},"rotation":{"x":-0.4443674683570862,"y":0.010475412011146546,"z":-0.005199091043323278,"w":-0.8957722187042236},"size":7.5430498123168949,"orthographic":false}