{"cameraMode":{"drawMode":0,"name":"Shaded","section":"Shading Mode"},"sceneLighting":true,"audioPlay":false,"sceneViewState":{"showFog":true,"showMaterialUpdate":false,"showSkybox":false,"showFlares":true,"showImageEffects":true,"showParticleSystems":true},"in2DMode":false,"pivot":{"x":-1.2932153940200806,"y":1.3979289531707764,"z":-0.20174622535705567},"rotation":{"x":0.32950013875961306,"y":-0.4358012080192566,"z":0.17533034086227418,"w":0.8190134167671204},"size":1.9356186389923096,"orthographic":false}