{"cameraMode":{"drawMode":0,"name":"Shaded","section":"Shading Mode"},"sceneLighting":true,"audioPlay":false,"sceneViewState":{"showFog":true,"showMaterialUpdate":true,"showSkybox":true,"showFlares":true,"showImageEffects":true,"showParticleSystems":true},"in2DMode":false,"pivot":{"x":-2.315626859664917,"y":1.7197766304016114,"z":-0.3895297050476074},"rotation":{"x":0.3862273693084717,"y":0.41682475805282595,"z":-0.20181156694889069,"w":0.7977220416069031},"size":3.462444543838501,"orthographic":false}