{"cameraMode":{"drawMode":0,"name":"Shaded","section":"Shading Mode"},"sceneLighting":true,"audioPlay":false,"sceneViewState":{"showFog":true,"showMaterialUpdate":true,"showSkybox":true,"showFlares":true,"showImageEffects":true,"showParticleSystems":true},"in2DMode":false,"pivot":{"x":-1.5755844116210938,"y":0.9947745203971863,"z":-0.2699878215789795},"rotation":{"x":-0.3738427460193634,"y":-0.1786133050918579,"z":0.07360682636499405,"w":-0.907153308391571},"size":5.383754253387451,"orthographic":false}