{"cameraMode":{"drawMode":0,"name":"Shaded","section":"Shading Mode"},"sceneLighting":true,"audioPlay":false,"sceneViewState":{"showFog":true,"showMaterialUpdate":true,"showSkybox":true,"showFlares":true,"showImageEffects":true,"showParticleSystems":true},"in2DMode":false,"pivot":{"x":0.015730783343315126,"y":2.8405675888061525,"z":-1.0020155906677247},"rotation":{"x":0.6406905055046082,"y":-0.002303927903994918,"z":0.0019212677143514157,"w":0.7677977085113525},"size":4.980390548706055,"orthographic":true}