{"cameraMode":{"drawMode":0,"name":"Shaded","section":"Shading Mode"},"sceneLighting":true,"audioPlay":false,"sceneViewState":{"showFog":true,"showMaterialUpdate":false,"showSkybox":false,"showFlares":true,"showImageEffects":true,"showParticleSystems":true},"in2DMode":false,"pivot":{"x":-0.4286261200904846,"y":0.4643230438232422,"z":-0.24386143684387208},"rotation":{"x":-0.3553679287433624,"y":-0.0036482298746705057,"z":0.0013866544468328357,"w":-0.9347208142280579},"size":5.0980224609375,"orthographic":false}