{"cameraMode":{"drawMode":0,"name":"Shaded","section":"Shading Mode"},"sceneLighting":true,"audioPlay":false,"sceneViewState":{"showFog":true,"showMaterialUpdate":true,"showSkybox":true,"showFlares":true,"showImageEffects":true,"showParticleSystems":true},"in2DMode":false,"pivot":{"x":-1.003993034362793,"y":0.7325441837310791,"z":-0.8750391006469727},"rotation":{"x":0.2675795555114746,"y":0.01156180165708065,"z":-0.0032135481014847757,"w":0.9634677767753601},"size":4.2081804275512699,"orthographic":false}