{"cameraMode":{"drawMode":0,"name":"Shaded","section":"Shading Mode"},"sceneLighting":true,"audioPlay":false,"sceneViewState":{"showFog":true,"showMaterialUpdate":false,"showSkybox":false,"showFlares":true,"showImageEffects":true,"showParticleSystems":true},"in2DMode":false,"pivot":{"x":-5.156475067138672,"y":0.5488376617431641,"z":-0.7874236106872559},"rotation":{"x":-0.4641714096069336,"y":0.13558325171470643,"z":-0.07214989513158798,"w":-0.8723329901695252},"size":2.951305866241455,"orthographic":false}