{"cameraMode":{"drawMode":0,"name":"Shaded","section":"Shading Mode"},"sceneLighting":true,"audioPlay":false,"sceneViewState":{"showFog":false,"showMaterialUpdate":false,"showSkybox":false,"showFlares":false,"showImageEffects":false,"showParticleSystems":false},"in2DMode":false,"pivot":{"x":-11.130000114440918,"y":4.170000076293945,"z":3.6500000953674318},"rotation":{"x":0.3329218327999115,"y":0.5325391292572022,"z":-0.23932869732379914,"w":0.740694522857666},"size":3.74841046333313,"orthographic":false}