{"cameraMode":{"drawMode":0,"name":"Shaded","section":"Shading Mode"},"sceneLighting":true,"audioPlay":false,"sceneViewState":{"showFog":true,"showMaterialUpdate":false,"showSkybox":false,"showFlares":true,"showImageEffects":true,"showParticleSystems":true},"in2DMode":false,"pivot":{"x":-0.09750749915838242,"y":0.5741972923278809,"z":-0.9057836532592773},"rotation":{"x":0.6514331698417664,"y":-0.006827876903116703,"z":0.0058649503625929359,"w":0.7586634159088135},"size":4.919490337371826,"orthographic":false}