{"cameraMode":{"drawMode":0,"name":"Shaded","section":"Shading Mode"},"sceneLighting":true,"audioPlay":false,"sceneViewState":{"showFog":false,"showMaterialUpdate":false,"showSkybox":false,"showFlares":false,"showImageEffects":false,"showParticleSystems":false},"in2DMode":false,"pivot":{"x":2.171372890472412,"y":1.3398809432983399,"z":3.053204298019409},"rotation":{"x":-0.4035092294216156,"y":0.4997974932193756,"z":-0.28313231468200686,"w":-0.7123445272445679},"size":3.4307022094726564,"orthographic":false}