{"cameraMode":{"drawMode":0,"name":"Shaded","section":"Shading Mode"},"sceneLighting":true,"audioPlay":false,"sceneViewState":{"m_AlwaysRefresh":true,"showFog":true,"showSkybox":false,"showFlares":true,"showImageEffects":true,"showParticleSystems":true,"showVisualEffectGraphs":true,"m_FxEnabled":true},"in2DMode":false,"pivot":{"x":0.4047834873199463,"y":7.499292373657227,"z":-3.7096571922302248},"rotation":{"x":-0.45634227991104128,"y":0.15393474698066712,"z":-0.08050046116113663,"w":-0.8726949691772461},"size":5.219257831573486,"orthographic":false}